tag,step,value
Curriculum/action_rate_weight,0,-0.100000001
Curriculum/action_rate_weight,1,-0.100000001
Curriculum/action_rate_weight,2,-0.100000001
Curriculum/action_rate_weight,3,-0.100000001
Curriculum/action_rate_weight,4,-0.100000001
Curriculum/body_pose_range,0,0.0500000007
Curriculum/body_pose_range,1,0.0500000007
Curriculum/body_pose_range,2,0.0500000007
Curriculum/body_pose_range,3,0.0500000007
Curriculum/body_pose_range,4,0.0500000007
Curriculum/com_range,0,0.00300000026
Curriculum/com_range,1,0.00300000026
Curriculum/com_range,2,0.00300000026
Curriculum/com_range,3,0.00300000026
Curriculum/com_range,4,0.00300000026
Curriculum/head_com_range,0,0.00300000026
Curriculum/head_com_range,1,0.00300000026
Curriculum/head_com_range,2,0.00300000026
Curriculum/head_com_range,3,0.00300000026
Curriculum/head_com_range,4,0.00300000026
Curriculum/head_pose_bias_weight,0,0
Curriculum/head_pose_bias_weight,1,0
Curriculum/head_pose_bias_weight,2,0
Curriculum/head_pose_bias_weight,3,0
Curriculum/head_pose_bias_weight,4,0
Curriculum/head_pose_range,0,0.0700000003
Curriculum/head_pose_range,1,0.0700000003
Curriculum/head_pose_range,2,0.0700000003
Curriculum/head_pose_range,3,0.0700000003
Curriculum/head_pose_range,4,0.0700000003
Curriculum/standing_envs,0,0.0199999977
Curriculum/standing_envs,1,0.0199999977
Curriculum/standing_envs,2,0.0199999977
Curriculum/standing_envs,3,0.0199999977
Curriculum/standing_envs,4,0.0199999977
Episode_Metrics/mean_action_acc,0,0
Episode_Metrics/mean_action_acc,1,1.82977974
Episode_Metrics/mean_action_acc,2,1.84789121
Episode_Metrics/mean_action_acc,3,1.9420296
Episode_Metrics/mean_action_acc,4,1.94283164
Episode_Reward/action_rate_l2,0,0
Episode_Reward/action_rate_l2,1,-0.0856731758
Episode_Reward/action_rate_l2,2,-0.0910348371
Episode_Reward/action_rate_l2,3,-0.115928628
Episode_Reward/action_rate_l2,4,-0.102614053
Episode_Reward/air_time,0,0
Episode_Reward/air_time,1,0.00668749958
Episode_Reward/air_time,2,0.00862499978
Episode_Reward/air_time,3,0.0118749989
Episode_Reward/air_time,4,0.0132499998
Episode_Reward/angular_momentum,0,0
Episode_Reward/angular_momentum,1,-1.37143715e-07
Episode_Reward/angular_momentum,2,-1.29421963e-07
Episode_Reward/angular_momentum,3,-1.43319582e-07
Episode_Reward/angular_momentum,4,-1.41067446e-07
Episode_Reward/body_ang_vel,0,0
Episode_Reward/body_ang_vel,1,-0.0267956909
Episode_Reward/body_ang_vel,2,-0.0199164841
Episode_Reward/body_ang_vel,3,-0.0262338314
Episode_Reward/body_ang_vel,4,-0.0247868896
Episode_Reward/body_pose_tracking,0,0
Episode_Reward/body_pose_tracking,1,0
Episode_Reward/body_pose_tracking,2,0
Episode_Reward/body_pose_tracking,3,0
Episode_Reward/body_pose_tracking,4,0
Episode_Reward/dof_pos_limits,0,0
Episode_Reward/dof_pos_limits,1,-0.000821687572
Episode_Reward/dof_pos_limits,2,-0.000604729401
Episode_Reward/dof_pos_limits,3,-0.00100470276
Episode_Reward/dof_pos_limits,4,-0.000757311063
Episode_Reward/foot_clearance,0,0
Episode_Reward/foot_clearance,1,-0.000315419922
Episode_Reward/foot_clearance,2,-0.00042892035
Episode_Reward/foot_clearance,3,-0.000341864623
Episode_Reward/foot_clearance,4,-0.000321279862
Episode_Reward/foot_slip,0,0
Episode_Reward/foot_slip,1,-9.63816783e-05
Episode_Reward/foot_slip,2,-5.06295764e-05
Episode_Reward/foot_slip,3,-7.92134306e-05
Episode_Reward/foot_slip,4,-8.37438201e-05
Episode_Reward/foot_swing_height,0,0
Episode_Reward/foot_swing_height,1,-0.00157828012
Episode_Reward/foot_swing_height,2,-0.00167385431
Episode_Reward/foot_swing_height,3,-0.00170533021
Episode_Reward/foot_swing_height,4,-0.00315889972
Episode_Reward/head_pose_bias,0,0
Episode_Reward/head_pose_bias,1,0
Episode_Reward/head_pose_bias,2,0
Episode_Reward/head_pose_bias,3,0
Episode_Reward/head_pose_bias,4,0
Episode_Reward/head_pose_tracking,0,0
Episode_Reward/head_pose_tracking,1,0.0526914634
Episode_Reward/head_pose_tracking,2,0.0575269349
Episode_Reward/head_pose_tracking,3,0.0666550621
Episode_Reward/head_pose_tracking,4,0.0597481392
Episode_Reward/pose,0,0
Episode_Reward/pose,1,0.00785547122
Episode_Reward/pose,2,0.00458306121
Episode_Reward/pose,3,0.00870579015
Episode_Reward/pose,4,0.0072070458
Episode_Reward/self_collisions,0,0
Episode_Reward/self_collisions,1,-0.00124999986
Episode_Reward/self_collisions,2,0
Episode_Reward/self_collisions,3,0
Episode_Reward/self_collisions,4,-0.000124999991
Episode_Reward/track_angular_velocity,0,0
Episode_Reward/track_angular_velocity,1,0.00127305544
Episode_Reward/track_angular_velocity,2,0.00218727347
Episode_Reward/track_angular_velocity,3,0.00339756417
Episode_Reward/track_angular_velocity,4,0.00254305033
Episode_Reward/track_linear_velocity,0,0
Episode_Reward/track_linear_velocity,1,0.0288646836
Episode_Reward/track_linear_velocity,2,0.0211455524
Episode_Reward/track_linear_velocity,3,0.0308965091
Episode_Reward/track_linear_velocity,4,0.0302612949
Episode_Reward/upright,0,0
Episode_Reward/upright,1,0.0268907622
Episode_Reward/upright,2,0.0227460247
Episode_Reward/upright,3,0.0364790149
Episode_Reward/upright,4,0.0255973339
Episode_Termination/fell_over,0,0
Episode_Termination/fell_over,1,1.375
Episode_Termination/fell_over,2,1
Episode_Termination/fell_over,3,1
Episode_Termination/fell_over,4,1
Episode_Termination/nan_state,0,0
Episode_Termination/nan_state,1,0
Episode_Termination/nan_state,2,0
Episode_Termination/nan_state,3,0
Episode_Termination/nan_state,4,0
Episode_Termination/out_of_terrain_bounds,0,0
Episode_Termination/out_of_terrain_bounds,1,0
Episode_Termination/out_of_terrain_bounds,2,0
Episode_Termination/out_of_terrain_bounds,3,0
Episode_Termination/out_of_terrain_bounds,4,0
Episode_Termination/time_out,0,0
Episode_Termination/time_out,1,0.0416666679
Episode_Termination/time_out,2,0
Episode_Termination/time_out,3,0
Episode_Termination/time_out,4,0
Loss/entropy,0,19.8606358
Loss/entropy,1,19.8629913
Loss/entropy,2,19.8634262
Loss/entropy,3,19.8572521
Loss/entropy,4,19.8487587
Loss/learning_rate,0,9.99999975e-06
Loss/learning_rate,1,9.99999975e-06
Loss/learning_rate,2,9.99999975e-06
Loss/learning_rate,3,9.99999975e-06
Loss/learning_rate,4,9.99999975e-06
Loss/surrogate,0,-0.0504686683
Loss/surrogate,1,-0.0785150379
Loss/surrogate,2,-0.078820467
Loss/surrogate,3,-0.0768936276
Loss/surrogate,4,-0.0722250044
Loss/value,0,0.0221806522
Loss/value,1,0.0569962002
Loss/value,2,0.0351391174
Loss/value,3,0.042114988
Loss/value,4,0.0402278453
Metrics/air_time_mean,0,0.0385713913
Metrics/air_time_mean,1,0.0623196624
Metrics/air_time_mean,2,0.0494860709
Metrics/air_time_mean,3,0.0547593832
Metrics/air_time_mean,4,0.0438928194
Metrics/angular_momentum_mean,0,0.0158508997
Metrics/angular_momentum_mean,1,0.0145843728
Metrics/angular_momentum_mean,2,0.0140216602
Metrics/angular_momentum_mean,3,0.0110727185
Metrics/angular_momentum_mean,4,0.0148537075
Metrics/peak_height_mean,0,0.00578989601
Metrics/peak_height_mean,1,0.00545138819
Metrics/peak_height_mean,2,0.0196651686
Metrics/peak_height_mean,3,0.014969483
Metrics/peak_height_mean,4,0.0122380825
Metrics/slip_velocity_mean,0,0.148318186
Metrics/slip_velocity_mean,1,0.131109163
Metrics/slip_velocity_mean,2,0.11678201
Metrics/slip_velocity_mean,3,0.118292846
Metrics/slip_velocity_mean,4,0.143676028
Metrics/twist/error_vel_xy,0,0
Metrics/twist/error_vel_xy,1,0.024169445
Metrics/twist/error_vel_xy,2,0.0316855721
Metrics/twist/error_vel_xy,3,0.0349396504
Metrics/twist/error_vel_xy,4,0.0281095561
Metrics/twist/error_vel_yaw,0,0
Metrics/twist/error_vel_yaw,1,0.137440309
Metrics/twist/error_vel_yaw,2,0.134693995
Metrics/twist/error_vel_yaw,3,0.153171703
Metrics/twist/error_vel_yaw,4,0.171592593
Perf/collection_time,0,0.914386988
Perf/collection_time,1,1.06285596
Perf/collection_time,2,1.08731914
Perf/collection_time,3,1.22801399
Perf/collection_time,4,1.06284714
Perf/learning_time,0,0.0734579563
Perf/learning_time,1,0.0656659603
Perf/learning_time,2,0.0837500095
Perf/learning_time,3,0.062567234
Perf/learning_time,4,0.0712339878
Perf/total_fps,0,194
Perf/total_fps,1,170
Perf/total_fps,2,163
Perf/total_fps,3,148
Perf/total_fps,4,169
Policy/mean_std,0,0.999676049
Policy/mean_std,1,1.00000572
Policy/mean_std,2,0.999736905
Policy/mean_std,3,0.999106288
Policy/mean_std,4,0.998575687
Train/mean_episode_length,1,32.5
Train/mean_episode_length,2,32.1666679
Train/mean_episode_length,3,35.294117
Train/mean_episode_length,4,35.7083321
Train/mean_episode_length/time,2,32.5
Train/mean_episode_length/time,3,32.1666679
Train/mean_episode_length/time,4,35.294117
Train/mean_episode_length/time,5,35.7083321
Train/mean_reward,1,-0.0614415631
Train/mean_reward,2,0.00705340831
Train/mean_reward,3,0.0897520036
Train/mean_reward,4,0.0949743986
Train/mean_reward/time,2,-0.0614415631
Train/mean_reward/time,3,0.00705340831
Train/mean_reward/time,4,0.0897520036
Train/mean_reward/time,5,0.0949743986
